StartDate,EndDate,Status,IPAddress,Progress,Duration (in seconds),Finished,RecordedDate,ResponseId,RecipientLastName,RecipientFirstName,RecipientEmail,ExternalReference,LocationLatitude,LocationLongitude,DistributionChannel,UserLanguage,Q1,Q2,Q3,Q4,Q5,Q6,Q7,Q7_3_TEXT,Q8,Q9,Q9_5_TEXT,Q10,Q11,Q12,Q12_4_TEXT,Q13,Q13_6_TEXT,Q14,Q15,Q15_7_TEXT,Q16,Q16_18_TEXT,Q17,Q18,Q19,Q20
Start Date,End Date,Response Type,IP Address,Progress,Duration (in seconds),Finished,Recorded Date,Response ID,Recipient Last Name,Recipient First Name,Recipient Email,External Data Reference,Location Latitude,Location Longitude,Distribution Channel,User Language,"DESCRIPTION: You are invited to participate in a research study evaluating medical students' perspectives and usage of AI-based language models in practice. You will be asked to answer questions about if you have used AI large language models in practice, which AI large language models you have used, how you have used AI large language models, and information about your medical school. All survey responses are captured anonymously.

TIME INVOLVEMENT: Your participation will take approximately 15 minutes.

RISKS AND BENEFITS: The risks associated with this study are no foreseeable risks associated with completing this survey. We cannot and do not guarantee or promise that you will receive any benefits from completing this survey. However, by completing this survey, you will be contributing to our understanding of how medical students are using large language models in medical school and clinical settings. Your decision whether or not to participate in this study will not affect your academic performance.

PAYMENTS: You will not receive any payment for completing this survey.

PARTICIPANT'S RIGHTS: If you have read this form and have decided to participate in this project, please understand your participation is voluntary and you have the right to withdraw your consent or discontinue participation at any time without penalty or loss of benefits to which you are otherwise entitled. The alternative is not to participate. You have the right to refuse to answer particular questions. The results of this research study may be presented at scientific or professional meetings or published in scientific journals. Your individual privacy will be maintained in all published and written data resulting from the study. All survey responses will be recorded anonymously.

CONTACT INFORMATION:
Questions? Please contact Dr. Jenna Lester at 415-353-7800. If you have questions or concerns about your rights as a research participant, you can call the UCSF Institutional Review Board at 415-476-1814.

Please print a copy of this page for your records.

If you agree to participate in this research, please click on the ""Agree"" button.",Are you a medical student?,Is your medical school in the U.S. / a U.S. territory?,"50 States, D.C. and Puerto Rico",List of Countries,What type of community is your medical school in?,Are you currently in the pre-clinical or clinical portion of your medical school? - Selected Choice,Are you currently in the pre-clinical or clinical portion of your medical school? - Other - Text,"Have you used a large language model (e.g., ChatGPT, Doximity GPT, Google Bard, GPT-4, Bing Chat)?",Do you have any concerns about AI-based language models? (Check all that apply) - Selected Choice,Do you have any concerns about AI-based language models? (Check all that apply) - Other - Text,How likely are you to use AI-based language models in the future?,Do you have any final comments about AI-based language models?,What is your gender? - Selected Choice,What is your gender? - Prefer to self-describe - Text,How would you describe your race? - Selected Choice,How would you describe your race? - Other - Text,"Are you of Spanish, Hispanic, or Latino origin?",Which of the following large language models have you used? (Check all that apply) - Selected Choice,Which of the following large language models have you used? (Check all that apply) - Other - Text,What have you used AI-based language models for? (Check all that apply) - Selected Choice,What have you used AI-based language models for? (Check all that apply) - Other - Text,How often are you using AI-based language models?,How accurate did you find AI-based language models?,"In a single output given to you by an AI-based language model, on average how many edits have you needed to make?",How do you think AI-based language models are impacting your learning?
"{""ImportId"":""startDate"",""timeZone"":""America/Los_Angeles""}","{""ImportId"":""endDate"",""timeZone"":""America/Los_Angeles""}","{""ImportId"":""status""}","{""ImportId"":""ipAddress""}","{""ImportId"":""progress""}","{""ImportId"":""duration""}","{""ImportId"":""finished""}","{""ImportId"":""recordedDate"",""timeZone"":""America/Los_Angeles""}","{""ImportId"":""_recordId""}","{""ImportId"":""recipientLastName""}","{""ImportId"":""recipientFirstName""}","{""ImportId"":""recipientEmail""}","{""ImportId"":""externalDataReference""}","{""ImportId"":""locationLatitude""}","{""ImportId"":""locationLongitude""}","{""ImportId"":""distributionChannel""}","{""ImportId"":""userLanguage""}","{""ImportId"":""QID15""}","{""ImportId"":""QID2""}","{""ImportId"":""QID3""}","{""ImportId"":""QID22""}","{""ImportId"":""QID1318540267""}","{""ImportId"":""QID13""}","{""ImportId"":""QID11""}","{""ImportId"":""QID11_3_TEXT""}","{""ImportId"":""QID4""}","{""ImportId"":""QID19""}","{""ImportId"":""QID19_5_TEXT""}","{""ImportId"":""QID16""}","{""ImportId"":""QID20_TEXT""}","{""ImportId"":""QID27""}","{""ImportId"":""QID27_4_TEXT""}","{""ImportId"":""QID28""}","{""ImportId"":""QID28_6_TEXT""}","{""ImportId"":""QID29""}","{""ImportId"":""QID5""}","{""ImportId"":""QID5_7_TEXT""}","{""ImportId"":""QID6""}","{""ImportId"":""QID6_18_TEXT""}","{""ImportId"":""QID7""}","{""ImportId"":""QID17""}","{""ImportId"":""QID18""}","{""ImportId"":""QID26""}"
2024-03-05 20:06:43,2024-03-06 19:32:36,IP Address,205.154.255.138,100,84352,True,2024-03-06 19:32:37,R_5CFt3G1KizPMZIl,,,,,37.7562,-122.4866,anonymous,EN,Agree,Yes,Yes,California,,Urban,Clinical,,Yes,"Concerns about privacy,Concerns about accuracy,Concerns about bias",,Somewhat likely,,Female,,Other,,No,ChatGPT,,Other,Proofread and improve emails,Monthly,Somewhat accurate (a few mistakes),Moderate editing (5-10 changes),No impact
2024-03-11 13:31:43,2024-03-11 13:34:22,IP Address,98.210.206.243,100,158,True,2024-03-11 13:34:23,R_2rCSfqljSTXn727,,,,,37.78,-122.465,anonymous,EN,Agree,Yes,Yes,California,,Urban,Clinical,,Yes,"Concerns about accuracy,Concerns about bias,Concerns about patients or non-physicians using it to get medical information",,Somewhat likely,,Male,,White or Caucasian,,No,ChatGPT,,Studying: Answer questions about topics,,Monthly,Somewhat accurate (a few mistakes),Moderate editing (5-10 changes),Positively
2024-03-11 16:27:36,2024-03-11 16:29:43,IP Address,104.28.123.87,100,126,True,2024-03-11 16:29:43,R_5pNtFSGff7kwxTb,,,,,33.8681,-118.1831,anonymous,EN,Agree,Yes,Yes,California,,Urban,Clinical,,Yes,"Concerns about privacy,Concerns about accuracy,Concerns about bias",,Extremely likely,,Male,,Asian,,No,ChatGPT,,Studying: Generate practice questions/flashcards,,A few times/rarely,Somewhat accurate (a few mistakes),Minimal editing (less than 5 changes),Positively
2024-03-11 23:04:21,2024-03-11 23:05:58,IP Address,23.127.163.63,100,97,True,2024-03-11 23:05:59,R_6tmylEk9rX4HYV0,,,,,37.7506,-122.4121,anonymous,EN,Agree,Yes,Yes,California,,Urban,Clinical,,No,"Concerns about privacy,Concerns about accuracy,Concerns about bias,Concerns about patients or non-physicians using it to get medical information",,Somewhat unlikely,,Female,,White or Caucasian,,No,,,,,,,,
2024-03-17 19:24:27,2024-03-17 19:26:08,IP Address,172.13.250.34,100,101,True,2024-03-17 19:26:09,R_3CCTDrQOyMEWliG,,,,,36.7986,-119.8107,anonymous,EN,Agree,Yes,Yes,California,,Urban,Clinical,,No,"Concerns about privacy,Concerns about accuracy,Concerns about bias,Concerns about patients or non-physicians using it to get medical information",,Somewhat unlikely,,Male,,Asian,,No,,,,,,,,
2024-03-18 22:03:59,2024-03-18 22:05:42,IP Address,52.119.120.183,100,102,True,2024-03-18 22:05:42,R_6dX1CRIhUpC5Jwn,,,,,37.7506,-122.4121,anonymous,EN,Agree,Yes,Yes,California,,Urban,Pre-clinical,,Yes,"Concerns about privacy,Concerns about accuracy",,Extremely likely,,Male,,Other,Middle Eastern,No,ChatGPT,,"Generate differential diagnoses,Ask questions about medical management,Studying: Answer questions about topics,Studying: Summarize content (e.g. lectures, text resources),Studying: Generate practice questions/flashcards",,Weekly,Somewhat accurate (a few mistakes),Minimal editing (less than 5 changes),Positively
2024-03-19 13:24:51,2024-03-19 14:36:28,IP Address,23.93.97.164,100,4297,True,2024-03-19 14:36:29,R_7gRgUyWkarMV8cx,,,,,37.8922,-122.2729,anonymous,EN,Agree,Yes,Yes,California,,Urban,Pre-clinical,,Yes,"Concerns about accuracy,Concerns about bias,Concerns about patients or non-physicians using it to get medical information",,Extremely likely,,Female,,Asian,,No,ChatGPT,,"Generate differential diagnoses,Ask questions about medical management,Studying: Answer questions about topics,Studying: Summarize content (e.g. lectures, text resources),Summarize research papers",,Weekly,Somewhat accurate (a few mistakes),Minimal editing (less than 5 changes),Positively
2024-03-22 17:11:44,2024-03-22 17:14:01,IP Address,207.53.253.126,100,137,True,2024-03-22 17:14:02,R_3Tl4nbGyGnJb15L,,,,,37.7595,-122.4367,anonymous,EN,Agree,Yes,Yes,California,,Urban,Clinical,,Yes,"Concerns about accuracy,Concerns about bias",,Extremely likely,,Female,,Asian,,No,ChatGPT,,"Ask questions about medical management,Studying: Answer questions about topics,Summarize research papers",,Weekly,Extremely accurate (almost no mistakes),No editing,Positively
2024-03-24 12:02:28,2024-03-24 12:03:52,IP Address,105.21.72.74,100,84,True,2024-03-24 12:03:53,R_8fJM5QdiKnChJ33,,,,,0.321,32.5714,anonymous,EN,Agree,Yes,Yes,California,,Urban,Clinical,,Yes,"Concerns about accuracy,Concerns about bias",,Somewhat likely,,Female,,Black or African American,,No,ChatGPT,,"Ask questions about medical management,Create patient handouts,Create marketing/advertising content (website/print/email/social)",,Monthly,Somewhat accurate (a few mistakes),Moderate editing (5-10 changes),Positively
2024-03-25 10:16:02,2024-03-25 10:20:35,IP Address,69.181.47.48,100,273,True,2024-03-25 10:20:36,R_7qIDkgSUNtEZqWA,,,,,37.7562,-122.4866,anonymous,EN,Agree,Yes,Yes,California,,Urban,Clinical,,Yes,Concerns about accuracy,,Somewhat likely,"Pretty good tool to streamline workflows. Particularly useful for debugging code and  revising text. not the end all be all for getting work done, but a helpful assist nonetheless ",Male,,Black or African American,,No,ChatGPT,,Other,debug code for research,Monthly,"Neither accurate nor inaccurate (a number of mistakes, but still useable)",Moderate editing (5-10 changes),Positively
2024-03-25 17:45:55,2024-03-25 17:51:08,IP Address,23.114.7.82,100,313,True,2024-03-25 17:51:09,R_2rr3awWlCk2zzg5,,,,,38.6283,-121.3307,anonymous,EN,Agree,Yes,Yes,California,,Urban,Clinical,,Yes,No concerns,,Extremely likely,,Male,,Asian,,No,ChatGPT,,"Generate differential diagnoses,Ask questions about medical management,Studying: Answer questions about topics,Studying: Summarize content (e.g. lectures, text resources)",,Weekly,Somewhat accurate (a few mistakes),Minimal editing (less than 5 changes),Positively
2024-03-25 18:34:22,2024-03-25 18:36:11,IP Address,70.187.227.248,100,108,True,2024-03-25 18:36:12,R_2EEg5AqhMT300DX,,,,,33.5945,-117.8304,anonymous,EN,Agree,Yes,Yes,Massachusetts,,Urban,Pre-clinical,,Yes,"Concerns about privacy,Concerns about accuracy,Concerns about bias,Concerns about patients or non-physicians using it to get medical information",,Somewhat likely,,Male,,Asian,,No,ChatGPT,,"Generate differential diagnoses,Ask questions about medical management,Studying: Answer questions about topics,Studying: Generate practice questions/flashcards,Summarize research papers,Write manuscripts,Create marketing/advertising content (website/print/email/social)",,Monthly,"Neither accurate nor inaccurate (a number of mistakes, but still useable)",Moderate editing (5-10 changes),Positively
2024-03-25 18:40:12,2024-03-25 18:43:08,IP Address,73.141.0.134,100,176,True,2024-03-25 18:43:09,R_3QR0sn2KWlHH8PC,,,,,39.9206,-75.1826,anonymous,EN,Agree,Yes,Yes,Pennsylvania,,Urban,Clinical,,No,"Concerns about privacy,Concerns about accuracy,Concerns about bias",,Somewhat likely,,Female,,"White or Caucasian,Asian",,No,,,,,,,,
2024-03-25 19:17:54,2024-03-25 19:19:51,IP Address,172.58.89.58,100,117,True,2024-03-25 19:19:52,R_2s4k8tEtW4aD1ys,,,,,37.7958,-122.4203,anonymous,EN,Agree,Yes,Yes,Florida,,Urban,Pre-clinical,,Yes,Concerns about accuracy,,Extremely likely,,Male,,Asian,,No,ChatGPT,,"Generate response to a patient (email/letter/text),Studying: Answer questions about topics,Studying: Summarize content (e.g. lectures, text resources),Write clinical or academic presentations",,A few times/rarely,"Neither accurate nor inaccurate (a number of mistakes, but still useable)",Moderate editing (5-10 changes),No impact
2024-03-24 15:13:41,2024-03-24 15:47:23,IP Address,192.136.67.6,12,2021,False,2024-03-31 15:47:24,R_2nRfl7EUu4QKUAp,,,,,,,anonymous,EN,Agree,Yes,Yes,,,,,,,,,,,,,,,,,,,,,,,
2024-04-02 20:28:45,2024-04-02 20:31:18,IP Address,24.187.184.140,100,152,True,2024-04-02 20:31:19,R_2OZCZqV85O5u7Mf,,,,,40.6469,-73.9344,anonymous,EN,Agree,Yes,Yes,New York,,Urban,Clinical,,Yes,Concerns about accuracy,,Extremely likely,,Male,,White or Caucasian,,No,"ChatGPT,Google Bard,GPT-4,Bing Chat,Other",Claude 3 Opus,"Generate differential diagnoses,Ask questions about medical management,Summarize EHR notes,Write EHR notes (medical record documentation),Studying: Answer questions about topics,Studying: Summarize content (e.g. lectures, text resources),Summarize research papers,Write manuscripts,Write clinical or academic presentations,Other",Case report assignments,Weekly,"Neither accurate nor inaccurate (a number of mistakes, but still useable)",Moderate editing (5-10 changes),Positively
2024-04-02 22:05:10,2024-04-02 22:08:11,IP Address,93.190.143.159,100,181,True,2024-04-02 22:08:12,R_235DEmyrpTmFZeN,,,,,51.9981,4.198,anonymous,EN,Agree,Yes,No,,Iran,Urban,Clinical,,Yes,Concerns about accuracy,,Extremely likely,,Male,,Other,,No,"ChatGPT,Google Bard,Bing Chat",,"Studying: Answer questions about topics,Summarize research papers,Write manuscripts,Write clinical or academic presentations,Create marketing/advertising content (website/print/email/social)",,Weekly,Somewhat accurate (a few mistakes),Significant editing (greater than 10 changes),Positively
2024-04-03 01:35:53,2024-04-03 01:38:43,IP Address,136.24.248.158,100,169,True,2024-04-03 01:38:43,R_1Lj5XQvgvy3lUzb,,,,,37.7642,-122.3993,anonymous,EN,Agree,Yes,Yes,California,,Urban,Pre-clinical,,Yes,"Concerns about privacy,Concerns about accuracy,Concerns about bias",,Somewhat likely,,Female,,Black or African American,,No,"ChatGPT,GPT-4,Bing Chat,Other",Telegram Bots,"Studying: Summarize content (e.g. lectures, text resources)",,A few times/rarely,Somewhat accurate (a few mistakes),No editing,Positively
2024-04-03 05:34:20,2024-04-03 05:34:45,IP Address,104.15.70.204,100,24,True,2024-04-03 05:34:45,R_2f4b1DwNAg6JlQG,,,,,37.5337,-122.0289,anonymous,EN,Agree,No,,,,,,,,,,,,,,,,,,,,,,,,
2024-04-03 07:53:02,2024-04-03 07:55:55,IP Address,144.118.77.89,100,173,True,2024-04-03 07:55:56,R_7KUtY5pTSDp7VrZ,,,,,39.9597,-75.1995,anonymous,EN,Agree,Yes,Yes,Pennsylvania,,Urban,Clinical,,Yes,"Concerns about accuracy,Concerns about bias,Concerns about patients or non-physicians using it to get medical information",,Somewhat likely,"Have noticed a lot of bias, needs significant improvement and should only be used an aid in improving writing ",Female,,White or Caucasian,,Yes,ChatGPT,,Create marketing/advertising content (website/print/email/social),,A few times/rarely,Somewhat accurate (a few mistakes),Moderate editing (5-10 changes),No impact
2024-04-03 09:07:34,2024-04-03 09:08:58,IP Address,192.136.67.6,100,84,True,2024-04-03 09:08:59,R_2JELci3B4UoIwPZ,,,,,36.1789,-86.8035,anonymous,EN,Agree,Yes,Yes,Tennessee,,Urban,Pre-clinical,,Yes,"No concerns,Concerns about privacy,Concerns about bias,Concerns about patients or non-physicians using it to get medical information",,Somewhat likely,,Female,,Black or African American,,No,ChatGPT,,"Studying: Summarize content (e.g. lectures, text resources),Studying: Generate practice questions/flashcards",,Weekly,Somewhat accurate (a few mistakes),Minimal editing (less than 5 changes),Positively
2024-04-03 09:45:29,2024-04-03 09:47:14,IP Address,73.228.246.217,100,105,True,2024-04-03 09:47:15,R_7dFQXuY19nyFeKD,,,,,44.9152,-93.3222,anonymous,EN,Agree,Yes,Yes,Minnesota,,Urban,Clinical,,Yes,"Concerns about privacy,Concerns about accuracy,Concerns about bias,Concerns about patients or non-physicians using it to get medical information",,Extremely likely,,Female,,White or Caucasian,,No,ChatGPT,,"Studying: Answer questions about topics,Write clinical or academic presentations",,Monthly,Somewhat accurate (a few mistakes),Significant editing (greater than 10 changes),Positively
2024-04-03 11:21:03,2024-04-03 11:26:07,IP Address,108.4.236.99,100,304,True,2024-04-03 11:26:08,R_7V2YUWc4FoGmrt5,,,,,39.9357,-75.1832,anonymous,EN,Agree,No,,,,,,,,,,,,,,,,,,,,,,,,
2024-04-03 11:29:26,2024-04-03 11:34:03,IP Address,86.36.98.3,100,277,True,2024-04-03 11:34:04,R_42a1TNjlU9RDocF,,,,,25.2925,51.5321,anonymous,EN,Agree,Yes,No,,Qatar,Urban,Clinical,,Yes,"Concerns about privacy,Concerns about accuracy,Concerns about bias,Concerns about patients or non-physicians using it to get medical information",,Extremely likely,,Female,,Black or African American,,No,"ChatGPT,Google Bard,GPT-4,Bing Chat",,"Generate/identify photographs to help with diagnosis,Ask questions about medical management,Create patient handouts,Studying: Answer questions about topics,Studying: Summarize content (e.g. lectures, text resources),Studying: Generate practice questions/flashcards,Summarize research papers",,Daily,Somewhat accurate (a few mistakes),Moderate editing (5-10 changes),Positively
2024-04-03 11:45:29,2024-04-03 12:35:12,IP Address,104.28.38.71,100,2982,True,2024-04-03 12:35:13,R_4irsLfsDfvWWEsM,,,,,24.8591,66.9983,anonymous,EN,Agree,Yes,No,,Pakistan,Urban,Pre-clinical,,Yes,"Concerns about privacy,Concerns about accuracy,Concerns about bias,Concerns about patients or non-physicians using it to get medical information",,Extremely likely,,Female,,Asian,,No,"ChatGPT,GPT-4",,"Studying: Answer questions about topics,Studying: Summarize content (e.g. lectures, text resources),Studying: Generate practice questions/flashcards,Summarize research papers,Write clinical or academic presentations",,Daily,Somewhat accurate (a few mistakes),Moderate editing (5-10 changes),Positively
2024-04-03 15:50:02,2024-04-03 15:50:24,IP Address,99.239.217.142,100,22,True,2024-04-03 15:50:25,R_2is83naAqnwnnwv,,,,,43.7012,-79.3877,anonymous,EN,Agree,No,,,,,,,,,,,,,,,,,,,,,,,,
2024-04-03 16:27:40,2024-04-03 16:29:14,IP Address,104.28.76.231,100,93,True,2024-04-03 16:29:15,R_7owlKSOiXeLNaBx,,,,,38.894,-77.0365,anonymous,EN,Agree,Yes,Yes,California,,Urban,Clinical,,Yes,"Concerns about privacy,Concerns about accuracy,Concerns about bias,Concerns about patients or non-physicians using it to get medical information",,Extremely likely,,Male,,Asian,,No,"ChatGPT,GPT-4",,"Write manuscripts,Write clinical or academic presentations,Other",Coding,Weekly,"Neither accurate nor inaccurate (a number of mistakes, but still useable)",Moderate editing (5-10 changes),No impact
2024-04-03 17:31:45,2024-04-03 17:34:25,IP Address,99.8.87.222,100,159,True,2024-04-03 17:34:25,R_21585bsR5Dj9o2Z,,,,,42.2807,-83.7801,anonymous,EN,Agree,Yes,Yes,Michigan,,Suburban,Other,M4 post MS year,Yes,"Concerns about privacy,Concerns about accuracy,Concerns about patients or non-physicians using it to get medical information",,Extremely likely,"As a medical person, it has made coding and using programming soooo much more accessible ",Male,,Other,,No,GPT-4,,"Generate differential diagnoses,Generate response to a patient (email/letter/text),Other","Coding (programming) ",Daily,"Neither accurate nor inaccurate (a number of mistakes, but still useable)",Moderate editing (5-10 changes),Positively
2024-04-03 23:07:23,2024-04-03 23:09:35,IP Address,62.56.127.155,100,132,True,2024-04-03 23:09:36,R_2umwcVJ6JSJeKc1,,,,,51.3926,-0.1977,anonymous,EN,Agree,Yes,No,,United Kingdom of Great Britain and Northern Ireland,Urban,Clinical,,Yes,"Concerns about accuracy,Concerns about bias,Concerns about patients or non-physicians using it to get medical information",,Extremely likely,,Male,,Black or African American,,No,"ChatGPT,Google Bard",,"Studying: Answer questions about topics,Studying: Summarize content (e.g. lectures, text resources),Summarize research papers,Create marketing/advertising content (website/print/email/social)",,Weekly,Somewhat accurate (a few mistakes),Minimal editing (less than 5 changes),Positively
2024-04-04 19:44:28,2024-04-04 19:48:55,IP Address,35.147.107.99,100,267,True,2024-04-04 19:48:56,R_21HvvhgYjOmsBRb,,,,,29.5196,-98.5852,anonymous,EN,Agree,Yes,Yes,Texas,,Urban,Pre-clinical,,Yes,"Concerns about accuracy,Concerns about bias,Concerns about patients or non-physicians using it to get medical information,Other",Concerns about lack of transparency on sources,Somewhat unlikely,,Female,,Asian,,No,ChatGPT,,Other,Try out its function in literature review,A few times/rarely,Extremely inaccurate (completely unusable),Significant editing (greater than 10 changes),No impact
2024-04-04 19:48:05,2024-04-04 19:51:06,IP Address,104.28.97.24,100,181,True,2024-04-04 19:51:06,R_1V8VytXeOqnJ1JG,,,,,29.7805,-95.5129,anonymous,EN,Agree,Yes,Yes,Texas,,Urban,Clinical,,No,"Concerns about privacy,Concerns about accuracy,Concerns about bias,Concerns about patients or non-physicians using it to get medical information",,Somewhat unlikely,"Language models aren't ""fact"" models and cannot critically think - they go off the content they are fed. We still have to explicitly add code to make them not racist/sexist etc (which doesn't always work) because otherwise it regurgitates the racist & sexist & etc content it is fed. I think it's OK for maybe re-explaining a concept in different words but it cannot be fully relied on for factual information. Anything it says should be verified by checking a reliable source...",Non-binary,,White or Caucasian,,No,,,,,,,,
2024-04-04 19:53:48,2024-04-04 19:56:17,IP Address,72.177.204.45,100,148,True,2024-04-04 19:56:17,R_7SV0Mv8nz7ifqxj,,,,,29.522,-98.5974,anonymous,EN,Agree,Yes,Yes,Texas,,Urban,Pre-clinical,,No,"Concerns about privacy,Concerns about accuracy,Concerns about bias,Concerns about patients or non-physicians using it to get medical information",,Somewhat likely,"I feel like it's probably inevitable that we will have to use these as physicians but what concerns me is that profit-driven hospital execs will use it to decrease the amounts of physicians, and there will be no accountability for the damage that may cause patients.",Female,,Asian,,No,,,,,,,,
2024-04-04 20:02:54,2024-04-04 20:04:18,IP Address,162.197.44.54,100,83,True,2024-04-04 20:04:18,R_7NODwuT497w1Zqf,,,,,29.5196,-98.5852,anonymous,EN,Agree,Yes,Yes,Texas,,Urban,Pre-clinical,,Yes,"Concerns about privacy,Concerns about accuracy,Concerns about bias,Concerns about patients or non-physicians using it to get medical information",,Extremely likely,,Male,,White or Caucasian,,No,"ChatGPT,Google Bard",,"Studying: Answer questions about topics,Studying: Summarize content (e.g. lectures, text resources),Studying: Generate practice questions/flashcards",,A few times/rarely,Somewhat accurate (a few mistakes),Moderate editing (5-10 changes),No impact
2024-04-04 20:01:36,2024-04-04 20:04:50,IP Address,35.147.108.20,100,193,True,2024-04-04 20:04:50,R_1t3Snm8c7zF9y4j,,,,,29.5196,-98.5852,anonymous,EN,Agree,Yes,Yes,Texas,,Urban,Pre-clinical,,No,"Concerns about privacy,Concerns about accuracy,Concerns about bias,Concerns about patients or non-physicians using it to get medical information",,Somewhat unlikely,"I can see ethical places where AI based language models can exist in medicine (generating differentials, spotting abnormalities in imaging or microscopy) but as it currently stands, AI is not regulated enough to function in professional spaces. I do think that AI is here to stay so itâ€™s important to generate guidelines for its use in the medical sphere. ",Non-binary,,White or Caucasian,,No,,,,,,,,
2024-04-04 20:50:19,2024-04-04 20:52:18,IP Address,45.30.143.163,100,119,True,2024-04-04 20:52:19,R_3HACl1uhrvYFWin,,,,,29.5652,-98.6145,anonymous,EN,Agree,Yes,Yes,Texas,,Urban,Pre-clinical,,Yes,"Concerns about privacy,Concerns about accuracy,Concerns about bias,Concerns about patients or non-physicians using it to get medical information",,Neither likely nor unlikely,,Male,,White or Caucasian,,No,ChatGPT,,"Generate differential diagnoses,Studying: Answer questions about topics,Studying: Summarize content (e.g. lectures, text resources),Studying: Generate practice questions/flashcards",,Monthly,"Neither accurate nor inaccurate (a number of mistakes, but still useable)",Significant editing (greater than 10 changes),No impact
2024-04-05 19:36:11,2024-04-05 19:38:35,IP Address,66.30.232.22,100,143,True,2024-04-05 19:38:36,R_2BQPiidHoSJN9bI,,,,,42.3649,-71.0987,anonymous,EN,Agree,Yes,Yes,Ohio,,Suburban,Pre-clinical,,Yes,"Concerns about privacy,Concerns about accuracy,Concerns about bias,Concerns about patients or non-physicians using it to get medical information",,Extremely likely,,Female,,White or Caucasian,,Yes,"ChatGPT,Bing Chat",,"Summarize EHR notes,Write EHR notes (medical record documentation),Studying: Answer questions about topics,Write manuscripts,Create marketing/advertising content (website/print/email/social)",,Weekly,Somewhat accurate (a few mistakes),Minimal editing (less than 5 changes),Positively
2024-04-02 20:52:53,2024-04-02 20:53:05,IP Address,104.28.55.232,12,11,False,2024-04-09 20:53:10,R_7qz8JNPYvuqeLsZ,,,,,,,anonymous,EN,Agree,Yes,Yes,,,,,,,,,,,,,,,,,,,,,,,
2024-04-02 21:10:16,2024-04-02 21:10:46,IP Address,68.173.133.87,12,29,False,2024-04-09 21:10:50,R_2doYlZE46vzCaoE,,,,,,,anonymous,EN,Agree,Yes,Yes,,,,,,,,,,,,,,,,,,,,,,,
2024-04-02 21:11:28,2024-04-02 21:12:14,IP Address,54.215.140.113,54,46,False,2024-04-09 21:12:15,R_7r39JsLo0L9AS9h,,,,,,,anonymous,EN,Agree,Yes,Yes,California,,Suburban,Pre-clinical,,Yes,,,,,,,,,,,,,,,,,
2024-04-02 21:31:42,2024-04-02 21:38:18,IP Address,216.24.177.23,4,395,False,2024-04-09 21:38:19,R_20vMsrRo3JegLjI,,,,,,,anonymous,EN,Agree,,,,,,,,,,,,,,,,,,,,,,,,,
2024-04-03 00:09:43,2024-04-03 00:10:04,IP Address,132.210.111.19,12,21,False,2024-04-10 00:10:08,R_2rZqmg0ukXRDgxk,,,,,,,anonymous,EN,Agree,Yes,No,,,,,,,,,,,,,,,,,,,,,,,
2024-04-04 04:28:07,2024-04-04 04:28:31,IP Address,106.222.223.127,12,24,False,2024-04-11 04:28:35,R_47OnhfDH9r1qBdD,,,,,,,anonymous,EN,Agree,Yes,No,,,,,,,,,,,,,,,,,,,,,,,
2024-05-22 17:14:19,2024-05-22 20:51:43,IP Address,65.35.35.44,54,13044,False,2024-05-29 20:51:45,R_12z0MWFDNi3wEf3,,,,,,,anonymous,EN,Agree,Yes,Yes,Tennessee,,Suburban,Pre-clinical,,Yes,,,,,,,,,,,,,,,,,
2024-06-11 15:45:19,2024-06-11 15:47:06,IP Address,207.53.253.126,100,106,True,2024-06-11 15:47:07,R_33dFiNim6yLbIqS,,,,,37.7595,-122.4367,anonymous,EN,Agree,Yes,Yes,California,,Urban,Clinical,,Yes,"Concerns about accuracy,Concerns about bias",,Extremely likely,,Female,,Asian,,No,ChatGPT,,"Generate differential diagnoses,Ask questions about medical management,Studying: Answer questions about topics,Studying: Summarize content (e.g. lectures, text resources),Write manuscripts",,Daily,Extremely accurate (almost no mistakes),No editing,Positively
2024-06-11 15:17:16,2024-06-11 16:00:51,IP Address,128.218.42.136,100,2615,True,2024-06-11 16:00:52,R_1zO7y5hfvBfLlbS,,,,,37.7383,-122.4556,anonymous,EN,Agree,Yes,Yes,California,,Urban,Clinical,,No,"Concerns about privacy,Concerns about patients or non-physicians using it to get medical information",,Neither likely nor unlikely,,Female,,White or Caucasian,,No,,,,,,,,
2024-06-11 16:04:57,2024-06-11 16:06:46,IP Address,128.218.42.251,100,108,True,2024-06-11 16:06:46,R_3cLUlKrXtqqHA53,,,,,37.7383,-122.4556,anonymous,EN,Agree,Yes,Yes,California,,Urban,Clinical,,Yes,"Concerns about accuracy,Concerns about patients or non-physicians using it to get medical information",,Somewhat likely,,Female,,Asian,,No,ChatGPT,,Other,For non-medical purposes,A few times/rarely,Somewhat accurate (a few mistakes),No editing,No impact
2024-06-13 08:27:51,2024-06-13 08:30:22,IP Address,157.142.25.72,100,151,True,2024-06-13 08:30:23,R_3rcbGu3008m4nPk,,,,,35.48,-97.4994,anonymous,EN,Agree,Yes,Yes,Oklahoma,,Urban,Pre-clinical,,No,"Concerns about privacy,Concerns about accuracy,Concerns about bias,Concerns about patients or non-physicians using it to get medical information",,Somewhat likely,There seems to be many risks that have ye to be evaluated in LLMs. I am doubtful they will ever replace real physicians. I personally feel AI should be used to automate work that distracts from patient interaction,Male,,White or Caucasian,,No,,,,,,,,
2024-06-13 08:42:21,2024-06-13 08:43:51,IP Address,102.89.23.26,100,89,True,2024-06-13 08:43:51,R_8mnpwDASunUGe1L,,,,,6.4474,3.3903,anonymous,EN,Agree,Yes,Yes,California,,Rural,Clinical,,Yes,Concerns about privacy,,Somewhat likely,No,Male,,Black or African American,,No,ChatGPT,,Generate/identify photographs to help with diagnosis,,Weekly,Extremely accurate (almost no mistakes),Minimal editing (less than 5 changes),Positively
2024-06-13 09:19:00,2024-06-13 09:20:22,IP Address,27.34.68.7,100,81,True,2024-06-13 09:20:22,R_4PY6Zn9gEF1a5GX,,,,,26.728,85.9285,anonymous,EN,Agree,No,,,,,,,,,,,,,,,,,,,,,,,,
2024-06-13 09:20:30,2024-06-13 09:22:50,IP Address,27.34.68.7,100,140,True,2024-06-13 09:22:51,R_4Yttj5MqMZSIlEJ,,,,,26.728,85.9285,anonymous,EN,Agree,Yes,No,,Nepal,Suburban,Clinical,,Yes,"Concerns about privacy,Concerns about accuracy",,Extremely likely,,Male,,Asian,,No,"ChatGPT,GPT-4",,"Generate differential diagnoses,Ask questions about medical management,Generate response to a patient (email/letter/text),Studying: Summarize content (e.g. lectures, text resources),Write manuscripts,Write clinical or academic presentations",,Weekly,Somewhat accurate (a few mistakes),Minimal editing (less than 5 changes),Positively
2024-06-13 10:33:13,2024-06-13 10:36:08,IP Address,5.110.89.116,100,174,True,2024-06-13 10:36:09,R_4lNe2ZK1thwnvhf,,,,,21.4849,39.192,anonymous,EN,Agree,Yes,No,,Saudi Arabia,Urban,Clinical,,Yes,"Concerns about privacy,Concerns about accuracy",,Extremely likely,,Male,,Black or African American,,No,Other,"Perplexity ","Generate differential diagnoses,Ask questions about medical management,Studying: Answer questions about topics,Studying: Generate practice questions/flashcards,Summarize research papers",,Daily,"Neither accurate nor inaccurate (a number of mistakes, but still useable)",Moderate editing (5-10 changes),Positively
2024-06-13 13:56:11,2024-06-13 13:56:41,IP Address,176.179.58.110,100,30,True,2024-06-13 13:56:42,R_89FJvvW3Qjiy6KB,,,,,47.2145,-1.5512,anonymous,EN,Agree,No,,,,,,,,,,,,,,,,,,,,,,,,
2024-06-13 15:47:39,2024-06-13 15:49:25,IP Address,86.145.9.45,100,105,True,2024-06-13 15:49:26,R_8HKPCCjtYQYSHo5,,,,,54.5396,-5.975,anonymous,EN,Agree,Yes,Yes,Colorado,,Rural,Clinical,,Yes,Concerns about bias,,Somewhat unlikely,,Female,,Asian,,Yes,GPT-4,,Write clinical or academic presentations,,Daily,"Neither accurate nor inaccurate (a number of mistakes, but still useable)",Moderate editing (5-10 changes),Positively
2024-06-13 16:05:01,2024-06-13 16:06:57,IP Address,171.66.13.191,100,116,True,2024-06-13 16:06:58,R_3K3F84taBURrolL,,,,,37.423,-122.1639,anonymous,EN,Agree,Yes,Yes,California,,Suburban,Clinical,,No,"Concerns about accuracy,Concerns about bias,Concerns about patients or non-physicians using it to get medical information",,Extremely unlikely,"Concerned about the misinformation shared in search engines. Concerned that the information they put out appears legitimate but is not vetted by a human who can be held accountable for the mistakes. We already have excellent clinical resources for decisionmaking in up-to-date, journals, and MDCalC. We don't need to muddy the waters with complicated AI that is not transparent nor reliable.",Male,,Asian,,No,,,,,,,,
2024-06-13 19:32:03,2024-06-13 19:32:13,IP Address,18.29.44.182,100,9,True,2024-06-13 19:32:14,R_61TVEMFKF0VHuXa,,,,,42.3649,-71.0987,anonymous,EN,Agree,No,,,,,,,,,,,,,,,,,,,,,,,,
2024-06-13 20:00:12,2024-06-13 20:01:47,IP Address,174.99.158.115,100,95,True,2024-06-13 20:01:48,R_5OPdTVrow64oHYL,,,,,35.961,-78.9291,anonymous,EN,Agree,Yes,Yes,North Carolina,,Suburban,Clinical,,Yes,Concerns about patients or non-physicians using it to get medical information,,Extremely likely,,Female,,Black or African American,,No,"ChatGPT,Other",Co-pilot,"Ask questions about medical management,Studying: Answer questions about topics,Studying: Summarize content (e.g. lectures, text resources),Studying: Generate practice questions/flashcards,Summarize research papers,Write manuscripts",,Monthly,Somewhat accurate (a few mistakes),Moderate editing (5-10 changes),Positively
2024-06-13 21:56:34,2024-06-13 21:57:29,IP Address,104.28.103.21,100,55,True,2024-06-13 21:57:30,R_5rGRKSKwV0v1OhS,,,,,41.8883,-87.7613,anonymous,EN,Agree,Yes,Yes,Illinois,,Urban,Pre-clinical,,Yes,No concerns,,Extremely likely,,Male,,Prefer not to say,,No,"ChatGPT,Google Bard,GPT-4,Bing Chat",,"Ask questions about medical management,Summarize EHR notes,Write EHR notes (medical record documentation),Studying: Answer questions about topics,Studying: Summarize content (e.g. lectures, text resources),Studying: Generate practice questions/flashcards,Summarize research papers,Write manuscripts,Write clinical or academic presentations",,Daily,Somewhat accurate (a few mistakes),Minimal editing (less than 5 changes),Positively
2024-06-13 23:19:36,2024-06-13 23:22:26,IP Address,81.110.98.137,100,170,True,2024-06-13 23:22:26,R_23jMxw7gRsqtuVH,,,,,51.7377,-1.2054,anonymous,EN,Agree,Yes,No,,United Kingdom of Great Britain and Northern Ireland,Urban,Clinical,,Yes,"Concerns about privacy,Concerns about accuracy,Concerns about bias,Concerns about patients or non-physicians using it to get medical information,Other","Concerns about ethics of intellectual property rights to data training sets - eg using copyrighted information to train models ",Extremely likely,,Female,,White or Caucasian,,No,ChatGPT,,Other,Coding help for research project,Monthly,"Neither accurate nor inaccurate (a number of mistakes, but still useable)",Moderate editing (5-10 changes),Positively
2024-06-14 05:21:27,2024-06-14 05:25:20,IP Address,42.111.161.73,100,232,True,2024-06-14 05:25:21,R_4dm7imJEhvYkr7y,,,,,12.8996,80.2209,anonymous,EN,Agree,Yes,No,,India,Urban,Clinical,,Yes,Concerns about accuracy,,Somewhat likely,No,Male,,Asian,,No,"ChatGPT,Google Bard,GPT-4",,"Summarize EHR notes,Write manuscripts",,Daily,"Neither accurate nor inaccurate (a number of mistakes, but still useable)",Moderate editing (5-10 changes),Positively
2024-06-13 15:24:22,2024-06-14 09:06:09,IP Address,128.6.36.3,100,63707,True,2024-06-14 09:06:10,R_6S0Q8ReV8D2x4KC,,,,,40.5511,-74.4606,anonymous,EN,Agree,Yes,Yes,New Jersey,,Suburban,Clinical,,Yes,"Concerns about privacy,Concerns about accuracy,Concerns about bias",,Extremely likely,,Male,,White or Caucasian,,No,ChatGPT,,"Generate differential diagnoses,Ask questions about medical management,Studying: Answer questions about topics",,Weekly,Extremely accurate (almost no mistakes),Minimal editing (less than 5 changes),Positively
2024-06-11 15:52:59,2024-06-14 12:36:41,IP Address,205.154.255.136,100,247421,True,2024-06-14 12:36:42,R_3MRSpMwMQmgjqIg,,,,,37.7695,-122.385,anonymous,EN,Agree,Yes,Yes,California,,Urban,Clinical,,Yes,"Concerns about accuracy,Concerns about patients or non-physicians using it to get medical information",,Extremely likely,,Female,,Asian,,No,ChatGPT,,"Studying: Answer questions about topics,Studying: Summarize content (e.g. lectures, text resources),Write manuscripts",,A few times/rarely,Somewhat accurate (a few mistakes),Minimal editing (less than 5 changes),Positively
2024-06-14 12:53:47,2024-06-14 12:55:08,IP Address,166.198.157.45,100,80,True,2024-06-14 12:55:08,R_5EaP0TbcJRizWrp,,,,,33.9372,-84.0791,anonymous,EN,Agree,Yes,Yes,New York,,Urban,Clinical,,Yes,"Concerns about accuracy,Concerns about patients or non-physicians using it to get medical information",,Extremely likely,,Male,,Asian,,No,"ChatGPT,Google Bard,GPT-4,Bing Chat",,"Summarize EHR notes,Create patient handouts,Studying: Answer questions about topics,Studying: Summarize content (e.g. lectures, text resources),Studying: Generate practice questions/flashcards,Summarize research papers,Write manuscripts,Write clinical or academic presentations",,Daily,Somewhat accurate (a few mistakes),Moderate editing (5-10 changes),Positively
2024-06-14 19:02:53,2024-06-14 19:07:59,IP Address,128.54.31.178,100,305,True,2024-06-14 19:08:00,R_7pc6Y6FKGJ08YkF,,,,,32.8595,-117.2124,anonymous,EN,Agree,Yes,Yes,California,,Urban,Clinical,,Yes,"Concerns about privacy,Concerns about accuracy,Concerns about bias,Concerns about patients or non-physicians using it to get medical information",,Extremely likely,,Male,,White or Caucasian,,No,"ChatGPT,GPT-4",,"Generate differential diagnoses,Write manuscripts",,Daily,Somewhat accurate (a few mistakes),Moderate editing (5-10 changes),Positively
2024-06-14 22:55:18,2024-06-14 23:02:57,IP Address,103.12.58.213,100,458,True,2024-06-14 23:02:58,R_4OdmRQLKb4fu6XC,,,,,25.3507,68.3534,anonymous,EN,Agree,Yes,No,,Pakistan,Suburban,Pre-clinical,,Yes,"No concerns,Concerns about accuracy",,Extremely likely,,Prefer not to say,,"Other,Prefer not to say",,No,"ChatGPT,Google Bard,GPT-4,Bing Chat",,"Generate response to a patient (email/letter/text),Studying: Answer questions about topics,Studying: Summarize content (e.g. lectures, text resources),Summarize research papers,Write clinical or academic presentations",,Daily,Somewhat accurate (a few mistakes),Moderate editing (5-10 changes),Positively
2024-06-19 06:10:33,2024-06-19 06:13:43,IP Address,104.28.55.226,100,189,True,2024-06-19 06:13:43,R_3OKFOZPO0xnGpd7,,,,,40.7547,-73.9614,anonymous,EN,Agree,Yes,Yes,New York,,Urban,Pre-clinical,,Yes,"Concerns about accuracy,Concerns about patients or non-physicians using it to get medical information",,Extremely likely,,Male,,White or Caucasian,,No,"ChatGPT,Google Bard,GPT-4",,"Generate differential diagnoses,Ask questions about medical management,Generate response to a patient (email/letter/text),Studying: Answer questions about topics,Summarize research papers,Other","Specifically generate response to a patient in another language. ",Daily,Somewhat accurate (a few mistakes),Minimal editing (less than 5 changes),Positively
2024-06-13 13:34:21,2024-06-13 13:35:10,IP Address,52.119.119.51,12,48,False,2024-06-20 13:37:41,R_5yjCivD2BxerI77,,,,,,,anonymous,EN,Agree,Yes,Yes,,,,,,,,,,,,,,,,,,,,,,,
2024-06-13 13:57:23,2024-06-13 13:57:42,IP Address,99.43.252.110,12,19,False,2024-06-20 13:57:51,R_3VQKeCBwKcUiGeT,,,,,,,anonymous,EN,Agree,Yes,Yes,,,,,,,,,,,,,,,,,,,,,,,
2024-06-13 17:24:19,2024-06-13 17:24:47,IP Address,107.77.212.196,12,27,False,2024-06-20 17:24:52,R_3YBcbOFEgRIg13P,,,,,,,anonymous,EN,Agree,Yes,Yes,,,,,,,,,,,,,,,,,,,,,,,
2024-06-20 17:39:38,2024-06-20 17:43:00,IP Address,98.193.169.12,100,201,True,2024-06-20 17:43:00,R_3Gj3APn4ALyiltW,,,,,36.1988,-86.7881,anonymous,EN,Agree,Yes,Yes,Tennessee,,Urban,Other,MD-PhD,Yes,"Concerns about privacy,Concerns about accuracy,Concerns about bias",,Extremely likely,,Male,,Asian,,No,"ChatGPT,Google Bard,GPT-4",,"Generate differential diagnoses,Ask questions about medical management,Summarize EHR notes,Write EHR notes (medical record documentation),Generate response to a patient (email/letter/text),Studying: Answer questions about topics,Studying: Summarize content (e.g. lectures, text resources),Studying: Generate practice questions/flashcards,Summarize research papers,Write manuscripts,Write clinical or academic presentations",,Daily,Somewhat accurate (a few mistakes),Moderate editing (5-10 changes),Positively
2024-06-13 20:33:13,2024-06-13 20:33:18,IP Address,131.93.181.51,4,4,False,2024-06-20 20:33:25,R_6AXTODhR6WHtzav,,,,,,,anonymous,EN,Agree,,,,,,,,,,,,,,,,,,,,,,,,,
2024-06-14 01:45:18,2024-06-14 01:45:54,IP Address,27.63.237.183,12,35,False,2024-06-21 01:45:59,R_42eSpIDAas2hdW9,,,,,,,anonymous,EN,Agree,Yes,No,,,,,,,,,,,,,,,,,,,,,,,
2024-06-14 05:53:01,2024-06-14 05:55:06,IP Address,100.36.11.225,77,125,False,2024-06-21 05:55:11,R_1oIjiutBxWg6wM5,,,,,,,anonymous,EN,Agree,Yes,Yes,District of Columbia,,Urban,Pre-clinical,,Yes,,,,,,,,,,"ChatGPT,GPT-4",,"Studying: Answer questions about topics,Studying: Summarize content (e.g. lectures, text resources),Studying: Generate practice questions/flashcards,Summarize research papers,Write manuscripts",,Weekly,Somewhat accurate (a few mistakes),Moderate editing (5-10 changes),Positively
2024-06-14 11:32:08,2024-06-14 11:32:21,IP Address,71.60.26.50,12,12,False,2024-06-21 11:32:23,R_5CjzAzmIOEslRK1,,,,,,,anonymous,EN,Agree,Yes,Yes,,,,,,,,,,,,,,,,,,,,,,,
2024-06-14 23:15:26,2024-06-14 23:18:11,IP Address,103.12.58.213,54,164,False,2024-06-21 23:18:14,R_4RPRpywop0T9a9a,,,,,,,anonymous,EN,Agree,Yes,No,,Albania,Rural,Pre-clinical,,Yes,,,,,,,,,,,,,,,,,
2024-06-23 11:00:40,2024-06-23 11:02:51,IP Address,195.187.58.186,100,130,True,2024-06-23 11:02:51,R_2AZo5pyTwcIpiVS,,,,,50.0595,19.9558,anonymous,EN,Agree,Yes,Yes,California,,Urban,Clinical,,Yes,"No concerns,Concerns about privacy",,Extremely unlikely,,Non-binary,,Native Hawaiian or Other Pacific Islander,,Yes,Google Bard,,"Write manuscripts,Create marketing/advertising content (website/print/email/social)",,Daily,Extremely accurate (almost no mistakes),No editing,Positively
2024-06-25 11:53:49,2024-06-25 11:56:35,IP Address,129.255.230.10,100,165,True,2024-06-25 11:56:35,R_6BfIQt5IVS4SfhI,,,,,41.6344,-91.5054,anonymous,EN,Agree,Yes,Yes,Arizona,,Urban,Clinical,,Yes,Concerns about bias,,Extremely unlikely,,Prefer not to say,,Native Hawaiian or Other Pacific Islander,,Yes,ChatGPT,,"Studying: Answer questions about topics,Summarize research papers",,Monthly,"Neither accurate nor inaccurate (a number of mistakes, but still useable)",Moderate editing (5-10 changes),Positively
2024-06-26 19:28:57,2024-06-26 19:29:14,IP Address,107.77.232.181,100,16,True,2024-06-26 19:29:15,R_1Du9UEMcWGgR7od,,,,,33.7485,-84.3871,anonymous,EN,Agree,No,,,,,,,,,,,,,,,,,,,,,,,,
2024-06-22 05:22:55,2024-06-22 05:23:50,IP Address,42.111.31.72,54,55,False,2024-06-29 05:23:54,R_40IftM9xX1zaCOZ,,,,,,,anonymous,EN,Agree,Yes,No,,India,Urban,Clinical,,Yes,,,,,,,,,,,,,,,,,
2024-06-26 19:29:18,2024-06-26 19:29:29,IP Address,107.77.232.181,12,11,False,2024-07-03 19:29:31,R_7qe89ZWO9Q5GXdn,,,,,,,anonymous,EN,Agree,Yes,No,,,,,,,,,,,,,,,,,,,,,,,
2024-07-16 07:37:41,2024-07-16 07:40:14,IP Address,12.6.90.3,77,153,False,2024-07-23 07:40:19,R_6JWbeQIaXhsWwjL,,,,,,,anonymous,EN,Agree,Yes,Yes,Florida,,Urban,Clinical,,Yes,,,,,,,,,,Google Bard,,"Write EHR notes (medical record documentation),Studying: Generate practice questions/flashcards,Summarize research papers,Write manuscripts",,Weekly,"Neither accurate nor inaccurate (a number of mistakes, but still useable)",Moderate editing (5-10 changes),Positively
2024-07-23 14:20:15,2024-07-23 14:20:29,IP Address,75.11.8.56,100,13,True,2024-07-23 14:20:29,R_3Mep3hV3618E75v,,,,,37.8487,-122.2209,anonymous,EN,Agree,No,,,,,,,,,,,,,,,,,,,,,,,,
2024-07-23 14:20:22,2024-07-23 14:20:32,IP Address,174.160.16.227,100,10,True,2024-07-23 14:20:33,R_1YrF1nhPeTkO1qI,,,,,37.4651,-122.143,anonymous,EN,Agree,No,,,,,,,,,,,,,,,,,,,,,,,,
2024-07-23 14:20:18,2024-07-23 14:20:35,IP Address,72.195.194.161,100,17,True,2024-07-23 14:20:36,R_5uI3InKvYyb4siI,,,,,33.3322,-111.9942,anonymous,EN,Agree,No,,,,,,,,,,,,,,,,,,,,,,,,
2024-07-23 14:20:24,2024-07-23 14:20:38,IP Address,98.33.87.65,100,13,True,2024-07-23 14:20:38,R_30uUodPpVc6zRXX,,,,,37.4043,-122.0748,anonymous,EN,Agree,No,,,,,,,,,,,,,,,,,,,,,,,,
2024-07-23 14:20:37,2024-07-23 14:20:55,IP Address,35.149.70.30,100,17,True,2024-07-23 14:20:55,R_6swIHW6XVGxHZ5L,,,,,43.6381,-84.2029,anonymous,EN,Agree,No,,,,,,,,,,,,,,,,,,,,,,,,
2024-07-23 14:20:35,2024-07-23 14:20:58,IP Address,73.194.97.15,100,23,True,2024-07-23 14:20:59,R_6RGeUPcSjTjoEaR,,,,,40.4992,-74.4996,anonymous,EN,Agree,No,,,,,,,,,,,,,,,,,,,,,,,,
2024-07-23 14:20:37,2024-07-23 14:22:23,IP Address,174.160.16.227,100,106,True,2024-07-23 14:22:23,R_5VQEWYuQNVJaHLa,,,,,37.4651,-122.143,anonymous,EN,Agree,Yes,Yes,California,,Suburban,Pre-clinical,,Yes,"Concerns about accuracy,Concerns about bias,Concerns about patients or non-physicians using it to get medical information",,Somewhat likely,,Female,,Asian,,No,"ChatGPT,Doximity GPT,Google Bard,GPT-4",,"Generate differential diagnoses,Summarize EHR notes,Generate response to a patient (email/letter/text),Studying: Answer questions about topics,Studying: Summarize content (e.g. lectures, text resources),Studying: Generate practice questions/flashcards,Summarize research papers",,Weekly,Somewhat accurate (a few mistakes),Moderate editing (5-10 changes),Positively
2024-07-23 14:23:18,2024-07-23 14:24:31,IP Address,76.78.179.128,100,73,True,2024-07-23 14:24:32,R_3Tpn812jYYFkXok,,,,,37.751,-97.822,anonymous,EN,Agree,Yes,Yes,California,,Suburban,Pre-clinical,,Yes,"Concerns about privacy,Concerns about accuracy,Concerns about bias",,Extremely likely,,Male,,White or Caucasian,,No,"ChatGPT,GPT-4",,"Generate differential diagnoses,Ask questions about medical management,Summarize EHR notes,Studying: Summarize content (e.g. lectures, text resources),Studying: Generate practice questions/flashcards,Summarize research papers,Write clinical or academic presentations",,Daily,Somewhat accurate (a few mistakes),Moderate editing (5-10 changes),Positively
2024-07-23 14:31:48,2024-07-23 14:32:00,IP Address,97.182.15.245,100,12,True,2024-07-23 14:32:01,R_5amNCRWkPKUNEvW,,,,,33.5132,-112.083,anonymous,EN,Agree,No,,,,,,,,,,,,,,,,,,,,,,,,
2024-07-30 12:11:18,2024-07-30 12:11:36,IP Address,192.24.142.241,100,17,True,2024-07-30 12:11:37,R_6waCiWu6n7j44aT,,,,,39.2041,-84.3968,anonymous,EN,Disagree,,,,,,,,,,,,,,,,,,,,,,,,,
2024-07-30 11:55:36,2024-07-30 12:13:55,IP Address,192.24.142.241,100,1098,True,2024-07-30 12:13:55,R_6T4jFYUlbKDfUKl,,,,,39.2041,-84.3968,anonymous,EN,Agree,Yes,Yes,Ohio,,Urban,Clinical,,Yes,"Concerns about privacy,Concerns about bias",,Somewhat likely,,Prefer not to say,,Prefer not to say,,Yes,"ChatGPT,Google Bard,GPT-4",,"Summarize EHR notes,Write EHR notes (medical record documentation),Generate response to a patient (email/letter/text),Studying: Answer questions about topics,Studying: Summarize content (e.g. lectures, text resources),Studying: Generate practice questions/flashcards,Summarize research papers,Write manuscripts,Write clinical or academic presentations",,Weekly,Somewhat accurate (a few mistakes),Significant editing (greater than 10 changes),Positively
2024-07-30 14:36:24,2024-07-30 14:36:31,IP Address,134.193.239.179,100,7,True,2024-07-30 14:36:32,R_1OPGFqIqZKAx1OK,,,,,39.0537,-94.5906,anonymous,EN,Disagree,,,,,,,,,,,,,,,,,,,,,,,,,
2024-07-30 14:36:37,2024-07-30 14:36:42,IP Address,134.193.239.179,100,5,True,2024-07-30 14:36:43,R_6vKFEAfdFkO7NDP,,,,,39.0537,-94.5906,anonymous,EN,Disagree,,,,,,,,,,,,,,,,,,,,,,,,,
2024-07-30 14:58:17,2024-07-30 15:01:33,IP Address,166.199.242.103,100,196,True,2024-07-30 15:01:33,R_3rqCwvbdu8zCS7x,,,,,32.9365,-96.7871,anonymous,EN,Agree,Yes,Yes,Texas,,Suburban,Pre-clinical,,Yes,"Concerns about accuracy,Concerns about bias",,Extremely likely,,Male,,White or Caucasian,,No,"ChatGPT,Google Bard",,"Studying: Answer questions about topics,Studying: Summarize content (e.g. lectures, text resources)",,Weekly,Somewhat accurate (a few mistakes),Minimal editing (less than 5 changes),Positively
2024-07-30 15:01:30,2024-07-30 15:05:05,IP Address,46.22.16.197,100,215,True,2024-07-30 15:05:06,R_2fk8dIvzToDicKL,,,,,47.0511,8.3056,anonymous,EN,Agree,Yes,Yes,Massachusetts,,Suburban,Clinical,,Yes,"Concerns about privacy,Concerns about accuracy,Concerns about bias",,Extremely likely,"Glass Health is a great medical LLM, but the others are questionable for DDx, A+P. But I use perplexity a lot for research paper topics in basic science.",Female,,White or Caucasian,,No,"ChatGPT,BioGPT,Google Bard,GPT-4,Bing Chat,Other","Anthropic, Perplexity, Google Gemini, Glass Health","Generate differential diagnoses,Ask questions about medical management,Studying: Answer questions about topics,Studying: Summarize content (e.g. lectures, text resources),Summarize research papers",,Weekly,"Neither accurate nor inaccurate (a number of mistakes, but still useable)",Minimal editing (less than 5 changes),Positively
2024-07-30 15:09:03,2024-07-30 15:10:32,IP Address,70.120.8.235,100,89,True,2024-07-30 15:10:33,R_3CEBlCfM7E96r2v,,,,,29.5882,-98.5183,anonymous,EN,Agree,Yes,Yes,Texas,,Urban,Pre-clinical,,Yes,"Concerns about accuracy,Concerns about patients or non-physicians using it to get medical information",,Extremely likely,,Male,,White or Caucasian,,No,ChatGPT,,"Studying: Answer questions about topics,Studying: Summarize content (e.g. lectures, text resources)",,Monthly,Somewhat accurate (a few mistakes),Minimal editing (less than 5 changes),Positively
2024-07-30 15:09:25,2024-07-30 15:13:11,IP Address,105.120.132.149,100,225,True,2024-07-30 15:13:11,R_2nlqYmjPtA3f42d,,,,,6.44,7.4922,anonymous,EN,Agree,Yes,No,,Nigeria,Urban,Clinical,,Yes,Concerns about accuracy,,Somewhat likely,usually good to get a general idea about a topic but might be less accurate for more specific stuff,Male,,"Black or African American,Asian",,No,"ChatGPT,Google Bard,Bing Chat",,"Generate differential diagnoses,Ask questions about medical management,Studying: Answer questions about topics,Studying: Summarize content (e.g. lectures, text resources),Studying: Generate practice questions/flashcards",,Weekly,Somewhat accurate (a few mistakes),Minimal editing (less than 5 changes),Positively
2024-07-30 15:25:31,2024-07-30 15:27:54,IP Address,70.123.166.201,100,142,True,2024-07-30 15:27:55,R_5YAotGHAfyFIVF0,,,,,29.522,-98.5974,anonymous,EN,Agree,Yes,Yes,Texas,,Urban,Pre-clinical,,Yes,"Concerns about accuracy,Concerns about bias,Concerns about patients or non-physicians using it to get medical information",,Somewhat likely,,Male,,White or Caucasian,,No,"ChatGPT,Google Bard",,Other,I have only used them out of curiosity and to check out their capabilities. I havenâ€™t used them for any practical purpose.,A few times/rarely,Somewhat inaccurate (too many mistakes to use in most cases),Minimal editing (less than 5 changes),Negatively
2024-07-31 03:10:44,2024-07-31 03:11:18,IP Address,212.125.23.35,100,34,True,2024-07-31 03:50:13,R_2rMRF1uRanfY3Op,,,,,41.0551,28.9347,anonymous,EN,Agree,No,,,,,,,,,,,,,,,,,,,,,,,,
2024-07-31 15:56:00,2024-07-31 15:57:33,IP Address,73.141.170.35,100,93,True,2024-07-31 15:57:34,R_5whQcgMi9lJhMAN,,,,,39.9195,-75.1565,anonymous,EN,Agree,Yes,Yes,Pennsylvania,,Urban,Clinical,,No,Concerns about accuracy,,Somewhat unlikely,"Waste of energy on large scale at this time given their relatively rudimentary performance. ",Female,,Asian,,No,,,,,,,,
2024-08-01 19:28:33,2024-08-01 19:28:42,IP Address,192.24.142.241,100,8,True,2024-08-01 19:28:42,R_1Rl6orA8ihxTkEJ,,,,,39.2041,-84.3968,anonymous,EN,Agree,No,,,,,,,,,,,,,,,,,,,,,,,,
2024-08-01 19:28:48,2024-08-01 19:30:14,IP Address,192.24.142.241,100,85,True,2024-08-01 19:30:14,R_3EzXWFrAY3Pj7E2,,,,,39.2041,-84.3968,anonymous,EN,Disagree,,,,,,,,,,,,,,,,,,,,,,,,,
2024-08-01 19:30:20,2024-08-01 19:32:32,IP Address,192.24.142.241,100,132,True,2024-08-01 19:32:32,R_53GsA5I7Ft4hRER,,,,,39.2041,-84.3968,anonymous,EN,Agree,Yes,No,,Australia,Urban,Clinical,,No,No concerns,,Extremely unlikely,,Prefer not to say,,Native Hawaiian or Other Pacific Islander,,No,,,,,,,,
2024-08-02 06:10:38,2024-08-02 06:14:56,IP Address,88.22.133.115,100,257,True,2024-08-02 06:14:56,R_2w6QsdwQovzXChH,,,,,39.7083,3.465,anonymous,EN,Agree,Yes,No,,France,Urban,Pre-clinical,,Yes,"Concerns about privacy,Concerns about accuracy,Concerns about bias,Concerns about patients or non-physicians using it to get medical information",,Extremely likely,"Saw emerged online tools fine-tuned for medical students in France ",Male,,White or Caucasian,,No,ChatGPT,,"Studying: Answer questions about topics,Studying: Summarize content (e.g. lectures, text resources),Write clinical or academic presentations",,Weekly,"Neither accurate nor inaccurate (a number of mistakes, but still useable)",Significant editing (greater than 10 changes),Positively
2024-08-03 22:38:34,2024-08-03 22:44:34,IP Address,103.211.19.59,100,360,True,2024-08-03 22:44:35,R_4mWoFzPKyUuBv47,,,,,26.8756,80.9115,anonymous,EN,Agree,Yes,No,,India,Urban,Clinical,,No,Concerns about accuracy,,Extremely likely,,Female,,Asian,,No,,,,,,,,
2024-08-04 09:41:05,2024-08-04 09:41:22,IP Address,188.29.111.72,100,16,True,2024-08-04 09:41:22,R_8QxrfxRM03lQZs2,,,,,51.4249,-0.1032,anonymous,EN,Agree,No,,,,,,,,,,,,,,,,,,,,,,,,
2024-08-04 12:14:45,2024-08-04 12:14:54,IP Address,192.236.0.178,100,9,True,2024-08-04 12:14:55,R_5NXtMrlczpVkVAJ,,,,,41.6344,-91.5054,anonymous,EN,Agree,No,,,,,,,,,,,,,,,,,,,,,,,,
2024-08-04 12:14:59,2024-08-04 12:16:51,IP Address,192.236.0.178,100,111,True,2024-08-04 12:16:51,R_1gip0IBLT8LBkBY,,,,,41.6344,-91.5054,anonymous,EN,Agree,Yes,Yes,Illinois,,Rural,Clinical,,Yes,Concerns about bias,,Somewhat likely,,Non-binary,,Black or African American,,No,Other,,Ask questions about medical management,,Weekly,Extremely accurate (almost no mistakes),No editing,Positively
2024-08-06 15:21:10,2024-08-06 15:23:46,IP Address,98.51.5.30,100,156,True,2024-08-06 15:23:47,R_1mf7N8j0Idv1E51,,,,,37.722,-122.1643,anonymous,EN,Agree,Yes,Yes,California,,Urban,Clinical,,Yes,Concerns about privacy,,Neither likely nor unlikely,,Male,,Asian,,No,ChatGPT,,"Write EHR notes (medical record documentation),Generate response to a patient (email/letter/text)",,Daily,Somewhat accurate (a few mistakes),Moderate editing (5-10 changes),Positively
2024-07-30 17:28:59,2024-07-30 17:29:57,IP Address,92.40.111.44,54,58,False,2024-08-06 17:30:05,R_8CqnWVkrLuY4Nkg,,,,,,,anonymous,EN,Agree,Yes,No,,United Kingdom of Great Britain and Northern Ireland,Urban,Clinical,,Yes,,,,,,,,,,,,,,,,,
2024-07-30 20:34:49,2024-07-30 20:36:26,IP Address,24.4.131.71,77,97,False,2024-08-06 20:36:33,R_52A0sDZYb04X9L5,,,,,,,anonymous,EN,Agree,Yes,Yes,Colorado,,Urban,Other,"FY ",Yes,,,,,,,,,,Other,They are all piece of shit,Other,"Piece of shit you morons ",Monthly,Extremely inaccurate (completely unusable),Significant editing (greater than 10 changes),Negatively
2024-07-30 21:47:46,2024-07-30 21:48:42,IP Address,171.76.86.102,31,55,False,2024-08-06 21:48:43,R_4iqcC20u65komQ0,,,,,,,anonymous,EN,Agree,Yes,No,,Hungary,Suburban,Pre-clinical,,No,,,,,,,,,,,,,,,,,
2024-07-30 19:57:18,2024-07-31 04:12:48,IP Address,216.24.177.23,54,29729,False,2024-08-07 04:12:53,R_6wQC8rPO4NpZO5b,,,,,,,anonymous,EN,Agree,Yes,Yes,Alabama,,Rural,Pre-clinical,,Yes,,,,,,,,,,,,,,,,,
2024-08-01 19:32:45,2024-08-01 19:34:12,IP Address,192.24.142.241,77,86,False,2024-08-08 19:34:20,R_3LXa7a8c2gtT5q6,,,,,,,anonymous,EN,Agree,Yes,Yes,Alabama,,Rural,Pre-clinical,,Yes,,,,,,,,,,ChatGPT,,Ask questions about medical management,,A few times/rarely,Extremely inaccurate (completely unusable),Significant editing (greater than 10 changes),Negatively
2024-08-04 09:41:29,2024-08-04 09:42:31,IP Address,188.29.111.72,77,62,False,2024-08-11 09:42:34,R_8Ei10XWHTtunk3Q,,,,,,,anonymous,EN,Agree,Yes,No,,United Kingdom of Great Britain and Northern Ireland,Urban,Clinical,,Yes,,,,,,,,,,"ChatGPT,Google Bard,Bing Chat",,"Studying: Summarize content (e.g. lectures, text resources),Studying: Generate practice questions/flashcards,Summarize research papers",,Weekly,Somewhat accurate (a few mistakes),Moderate editing (5-10 changes),Positively
2024-08-04 12:15:15,2024-08-04 12:15:34,IP Address,129.255.1.116,4,18,False,2024-08-11 12:15:36,R_6oclPhEg8NbWn4Y,,,,,,,anonymous,EN,Agree,,,,,,,,,,,,,,,,,,,,,,,,,
2024-08-08 23:33:48,2024-08-08 23:34:08,IP Address,102.89.22.96,12,20,False,2024-08-15 23:34:11,R_2q0prftjdQYbCOR,,,,,,,anonymous,EN,Agree,Yes,No,,,,,,,,,,,,,,,,,,,,,,,
2024-08-09 07:28:43,2024-08-09 07:29:18,IP Address,98.207.135.51,54,34,False,2024-08-16 07:29:21,R_72u3xm4isqAh7ee,,,,,,,anonymous,EN,Agree,Yes,Yes,California,,Rural,Pre-clinical,,Yes,,,,,,,,,,,,,,,,,
2024-08-23 10:53:40,2024-08-23 10:55:34,IP Address,74.87.37.106,100,114,True,2024-08-23 10:55:35,R_7CV4HoPXoPJkFey,,,,,33.7188,-118.0033,anonymous,EN,Agree,Yes,Yes,Arizona,,Urban,Clinical,,Yes,"Concerns about accuracy,Concerns about patients or non-physicians using it to get medical information",,Extremely likely,,Female,,Other,middle eastern,No,ChatGPT,,"Studying: Answer questions about topics,Summarize research papers,Write manuscripts,Write clinical or academic presentations",,Weekly,Somewhat accurate (a few mistakes),Minimal editing (less than 5 changes),Positively
2024-08-24 13:11:24,2024-08-24 13:11:40,IP Address,174.194.192.47,100,15,True,2024-08-24 13:11:41,R_3KDwqllOjYHOsNe,,,,,37.7906,-122.2412,anonymous,EN,Agree,No,,,,,,,,,,,,,,,,,,,,,,,,
2024-08-19 14:43:17,2024-08-20 00:40:43,IP Address,185.107.56.35,54,35845,False,2024-08-27 00:40:44,R_8VXNe1P6DbqTyMx,,,,,,,anonymous,EN,Agree,Yes,No,,Nigeria,Urban,Clinical,,Yes,,,,,,,,,,,,,,,,,
2024-08-27 15:57:12,2024-08-27 15:59:36,IP Address,69.181.47.48,100,143,True,2024-08-27 15:59:37,R_7saAyqdXCIRVe48,,,,,37.7441,-122.48,anonymous,EN,Agree,Yes,Yes,California,,Urban,Clinical,,Yes,"Concerns about privacy,Concerns about accuracy,Concerns about bias,Concerns about patients or non-physicians using it to get medical information",,Somewhat likely,,Male,,"Black or African American,Other",Persian,No,ChatGPT,,"Generate differential diagnoses,Ask questions about medical management,Generate response to a patient (email/letter/text),Studying: Answer questions about topics,Studying: Summarize content (e.g. lectures, text resources),Studying: Generate practice questions/flashcards,Summarize research papers,Write manuscripts",,Weekly,Somewhat accurate (a few mistakes),Moderate editing (5-10 changes),Positively
2024-08-27 16:07:14,2024-08-27 16:08:53,IP Address,76.86.168.65,100,99,True,2024-08-27 16:08:54,R_6B7aktCYQRBwdQl,,,,,33.9277,-118.2034,anonymous,EN,Agree,Yes,Yes,California,,Urban,Pre-clinical,,Yes,Concerns about accuracy,,Extremely likely,,Female,,White or Caucasian,,Yes,ChatGPT,,"Studying: Answer questions about topics,Studying: Summarize content (e.g. lectures, text resources),Studying: Generate practice questions/flashcards,Summarize research papers",,Weekly,Somewhat accurate (a few mistakes),Minimal editing (less than 5 changes),Positively
2024-08-27 17:12:30,2024-08-27 17:14:03,IP Address,128.218.42.190,100,93,True,2024-08-27 17:14:04,R_6pmU54lknCoC9b9,,,,,37.7562,-122.4866,anonymous,EN,Agree,Yes,Yes,California,,Urban,Clinical,,Yes,"Concerns about privacy,Concerns about accuracy,Concerns about bias",,Somewhat likely,,Female,,Black or African American,,No,ChatGPT,,Studying: Answer questions about topics,,Weekly,Somewhat accurate (a few mistakes),No editing,Positively
2024-08-27 19:40:33,2024-08-27 19:42:21,IP Address,172.58.211.241,100,108,True,2024-08-27 19:42:21,R_3wwhrId6KyFkzAt,,,,,33.9484,-118.2493,anonymous,EN,Agree,Yes,Yes,California,,Urban,Pre-clinical,,Yes,"Concerns about privacy,Concerns about accuracy,Concerns about bias,Concerns about patients or non-physicians using it to get medical information",,Extremely likely,,Male,,Other,Latino,Yes,ChatGPT,,"Summarize EHR notes,Write EHR notes (medical record documentation),Studying: Answer questions about topics,Studying: Summarize content (e.g. lectures, text resources),Studying: Generate practice questions/flashcards,Summarize research papers,Write clinical or academic presentations,Create marketing/advertising content (website/print/email/social)",,Daily,Somewhat accurate (a few mistakes),Minimal editing (less than 5 changes),Positively
2024-08-28 07:07:26,2024-08-28 07:09:30,IP Address,50.107.65.255,100,124,True,2024-08-28 07:09:31,R_6c2fieHyURVST6Y,,,,,42.2726,-84.1901,anonymous,EN,Agree,Yes,Yes,California,,Urban,Clinical,,Yes,"Concerns about privacy,Concerns about accuracy",,Somewhat likely,,Female,,White or Caucasian,,No,ChatGPT,,"Generate differential diagnoses,Ask questions about medical management,Studying: Answer questions about topics,Studying: Summarize content (e.g. lectures, text resources)",,Monthly,"Neither accurate nor inaccurate (a number of mistakes, but still useable)",Minimal editing (less than 5 changes),Positively
2024-08-27 16:37:03,2024-08-28 08:14:07,IP Address,206.117.32.2,100,56223,True,2024-08-28 08:14:08,R_5DIJlQZHAFEIRVT,,,,,33.9322,-118.2488,anonymous,EN,Agree,Yes,Yes,California,,Urban,Pre-clinical,,Yes,"Concerns about privacy,Concerns about accuracy,Concerns about bias",,Somewhat likely,,Male,,Black or African American,,Yes,ChatGPT,,"Generate/identify photographs to help with diagnosis,Ask questions about medical management,Studying: Answer questions about topics,Studying: Summarize content (e.g. lectures, text resources),Studying: Generate practice questions/flashcards",,Weekly,Somewhat accurate (a few mistakes),Moderate editing (5-10 changes),Positively
2024-08-29 10:52:45,2024-08-29 10:55:06,IP Address,172.58.151.70,100,141,True,2024-08-29 10:55:07,R_1NyTeFoGZLPkTm7,,,,,36.0571,-86.6729,anonymous,EN,Agree,Yes,Yes,Tennessee,,Urban,Pre-clinical,,Yes,"Concerns about privacy,Concerns about accuracy,Concerns about bias,Concerns about patients or non-physicians using it to get medical information",,Somewhat unlikely,,Male,,Asian,,No,ChatGPT,,"Studying: Answer questions about topics,Studying: Generate practice questions/flashcards,Create marketing/advertising content (website/print/email/social)",,A few times/rarely,Somewhat accurate (a few mistakes),Minimal editing (less than 5 changes),Positively
2024-08-29 14:53:37,2024-08-29 14:54:54,IP Address,104.28.76.92,100,76,True,2024-08-29 14:54:54,R_7TvdQVpTi7NDlW9,,,,,41.8874,-87.6318,anonymous,EN,Agree,Yes,Yes,Tennessee,,Urban,Pre-clinical,,Yes,"Concerns about privacy,Concerns about accuracy,Concerns about bias,Concerns about patients or non-physicians using it to get medical information",,Somewhat unlikely,,Female,,Black or African American,,No,"ChatGPT,Google Bard",,"Studying: Answer questions about topics,Studying: Generate practice questions/flashcards",,Monthly,"Neither accurate nor inaccurate (a number of mistakes, but still useable)",Significant editing (greater than 10 changes),No impact
2024-08-29 15:54:43,2024-08-29 15:56:48,IP Address,174.49.32.81,100,125,True,2024-08-29 15:56:49,R_3fOTEIBWJIr5pv1,,,,,36.1868,-86.5067,anonymous,EN,Agree,Yes,Yes,Tennessee,,Urban,Pre-clinical,,Yes,"Concerns about privacy,Concerns about accuracy,Concerns about bias,Concerns about patients or non-physicians using it to get medical information",,Somewhat unlikely,,Female,,White or Caucasian,,No,ChatGPT,,Studying: Answer questions about topics,,A few times/rarely,Somewhat inaccurate (too many mistakes to use in most cases),Significant editing (greater than 10 changes),No impact
2024-08-27 16:08:33,2024-08-27 16:15:48,IP Address,76.32.104.175,54,434,False,2024-09-03 16:15:50,R_52SXgklUwVzGZAB,,,,,,,anonymous,EN,Agree,Yes,Yes,California,,Urban,Pre-clinical,,Yes,,,,,,,,,,,,,,,,,
