StartDate,EndDate,Status,Progress,Duration (in seconds),Finished,RecordedDate,ResponseId,DistributionChannel,UserLanguage,Q_RecaptchaScore,Q0,Q1,Q2,Q2_5_TEXT,Q3,Q3_7_TEXT,Q4,Q4_5_TEXT,Q5,Q6,Q7,Q8,Q9,Q10,Q11,Q11_7_TEXT,Q12,Q13,Q14,Q15,Q16,Q17,Q18,Q19
Start Date,End Date,Response Type,Progress,Duration (in seconds),Finished,Recorded Date,Response ID,Distribution Channel,User Language,Q_RecaptchaScore,"DESCRIPTION:  You are invited to participate in a research study evaluating patients’ perspectives and usage of AI-based language models in their clinical care. You will be asked to answer questions about if you have used AI large language models, which AI large language models you have used, how you have used AI large language models, and demographic information about you. All survey responses are captured anonymously. 

TIME INVOLVEMENT:  Your participation will take approximately 15 minutes.

RISKS AND BENEFITS:  The risks associated with this study are no foreseeable risks associated with completing this survey. We cannot and do not guarantee or promise that you will receive any benefits from completing this survey. However, by completing this survey, you will be contributing to our understanding of how patients are using AI language models in their clinical care. Your decision whether or not to participate in this study will not affect your employment or clinical care.

PAYMENTS:  You will not receive any payment for completing this survey.



PARTICIPANT'S RIGHTS:  If you have read this form and have decided to participate in this project, please understand your participation is voluntary and you have the right to withdraw your consent or discontinue participation at any time without penalty or loss of benefits to which you are otherwise entitled.  The alternative is not to participate.  You have the right to refuse to answer particular questions.  The results of this research study may be presented at scientific or professional meetings or published in scientific journals.  Your individual privacy will be maintained in all published and written data resulting from the study. All survey responses will be recorded anonymously.

CONTACT INFORMATION: 
Questions:  If you have any questions, concerns or complaints about this research, its procedures, risks and benefits, contact the Protocol Director, Dr. Roxana Daneshjou at 650-723-6316.You should also contact them at any time if you feel you have been hurt by being a part of this study.

Independent Contact:  If you are not satisfied with how this study is being conducted, or if you have any concerns, complaints, or general questions about the research or your rights as a participant, please contact the Stanford Institutional Review Board (IRB) to speak to someone independent of the research team at 650-723-5244 or toll free at 1-866-680-2906.  You can also write to the Stanford IRB, Stanford University, 1705 El Camino Real, Palo Alto, CA 94306.

Please print a copy of this page for your records.

If you agree to participate in this research, please click on the “Agree” button.",What is your age?,What is your gender identity? - Selected Choice,What is your gender identity? - Other - Text,What is your ethnic background? - Selected Choice,What is your ethnic background? - Other - Text,In what part of the United States do you live? - Selected Choice,In what part of the United States do you live? - Other (please specify state or territory) - Text,What is your current annual household income?,Do you have Internet access at home?,Do you have health insurance?,"Do you have a primary care provider (e.g., family doctor, family nurse practitioner, internal medicine doctor)?","On average, how many times a year do you see a doctor (any doctor)?",Have you ever used a large language model (LLM)? This may include ChatGPT or any other AI models.,Which of the following large language models have you used? (check all that apply) - Selected Choice,Which of the following large language models have you used? (check all that apply) - Other - Text,How many times have you used a large language model in the past year?,Have you ever used a large language model (including Chat GPT or any other AI models) to obtain information on your health?,How often have you used a large language model for questions about your health in the past year?,Did you share with your doctor that you had used a large language model to ask about your health?,How accurate did you feel the information was from the large language model about your health?,Would you use a large language model to ask health questions in the future?,Do you have any concerns around large language models for answering your healthcare questions? (select all that apply),Please share any stories or additional information about your use of large language models for healthcare. Please DO NOT include any of your personal information such as name or contact information.
"{""ImportId"":""startDate"",""timeZone"":""America/Denver""}","{""ImportId"":""endDate"",""timeZone"":""America/Denver""}","{""ImportId"":""status""}","{""ImportId"":""progress""}","{""ImportId"":""duration""}","{""ImportId"":""finished""}","{""ImportId"":""recordedDate"",""timeZone"":""America/Denver""}","{""ImportId"":""_recordId""}","{""ImportId"":""distributionChannel""}","{""ImportId"":""userLanguage""}","{""ImportId"":""Q_RecaptchaScore""}","{""ImportId"":""QID21""}","{""ImportId"":""QID1""}","{""ImportId"":""QID22""}","{""ImportId"":""QID22_5_TEXT""}","{""ImportId"":""QID23""}","{""ImportId"":""QID23_7_TEXT""}","{""ImportId"":""QID24""}","{""ImportId"":""QID24_5_TEXT""}","{""ImportId"":""QID25""}","{""ImportId"":""QID26""}","{""ImportId"":""QID27""}","{""ImportId"":""QID28""}","{""ImportId"":""QID30""}","{""ImportId"":""QID17""}","{""ImportId"":""QID3""}","{""ImportId"":""QID3_7_TEXT""}","{""ImportId"":""QID4""}","{""ImportId"":""QID5""}","{""ImportId"":""QID12""}","{""ImportId"":""QID13""}","{""ImportId"":""QID14""}","{""ImportId"":""QID15""}","{""ImportId"":""QID16""}","{""ImportId"":""QID31_TEXT""}"
2024-09-10 17:03:52,2024-09-10 17:05:04,IP Address,100,71,True,2024-09-10 17:05:04,R_7oopjtxrVQAIEui,anonymous,EN,1,Agree,Over 60,Transgender,,African-American/Black/Afro-Caribbean,,West,,"$120,000+",Yes,Yes,Yes,5 or more times per year,Yes,"Chat GPT,Google Bard,Gemini,Anthropic Claude",,5 or more times,Yes,5 or more times,Yes,Very accurate (No mistakes),Yes,None,
2024-09-10 21:24:01,2024-09-10 21:26:31,IP Address,100,149,True,2024-09-10 21:26:31,R_6MQANS6e5w314m0,anonymous,EN,0.5,Agree,36-45,Female,,Hispanic or Latino,,Southeast,,"$120,000+",Yes,Yes,Yes,3-4 times per year,Yes,Chat GPT,,5 or more times,Yes,5 or more times,No,Very accurate (No mistakes),Yes,Privacy,Often use chat gpt as sir of a meta analysis on any potential issues
2024-09-10 22:06:56,2024-09-10 22:20:35,IP Address,100,818,True,2024-09-10 22:20:36,R_6QGmpCNT31svHr9,anonymous,EN,1,Agree,25-35,Female,,Asian,,West,,Prefer not to say,Yes,Yes,Yes,3-4 times per year,Yes,Chat GPT,,5 or more times,Yes,1-2 times,No,Somewhat accurate (Few mistakes),Yes,"Accuracy,Bias,Privacy",
2024-09-11 15:32:53,2024-09-11 15:33:56,IP Address,100,62,True,2024-09-11 15:33:56,R_31Y1gkTGX5iE8Ct,anonymous,EN,1,Agree,25-35,Male,,Asian,,West,,"$120,000+",Yes,Yes,Yes,1-2 times per year,Yes,"Chat GPT,Google Bard,Gemini,Anthropic Claude",,5 or more times,Yes,5 or more times,Yes,Somewhat accurate (Few mistakes),Yes,"Accuracy,Privacy",
2024-09-11 15:44:24,2024-09-11 15:45:25,IP Address,100,61,True,2024-09-11 15:45:26,R_4cBKIah6yumJE3K,anonymous,EN,0.699999988079071,Agree,25-35,Female,,Asian,,West,,"$90,000-$119,999",Yes,Yes,Yes,1-2 times per year,Yes,"Chat GPT,Google Bard",,5 or more times,Yes,1-2 times,No,Somewhat accurate (Few mistakes),No,Bias,
2024-09-11 15:46:05,2024-09-11 15:50:56,IP Address,100,291,True,2024-09-11 15:50:56,R_1tGqvuHjq2sIqOo,anonymous,EN,0.6000000238418579,Agree,36-45,Female,,White/Caucasian,,Other (please specify state or territory),East Coast,"$120,000+",Yes,Yes,Yes,5 or more times per year,Yes,"Chat GPT,Gemini",,5 or more times,Yes,5 or more times,No,Somewhat accurate (Few mistakes),Yes,"Accuracy,Bias,Privacy","I have several systemic autoimmune issues, endometriosis and related issues, and IBS.  I use ChatGPT (without my account logged in) to see if there could be connections between my symptoms and diseases and have actually found useful ideas which I then researched articles from reliable sources because of the results. "
2024-09-11 16:47:23,2024-09-11 16:49:34,IP Address,100,130,True,2024-09-11 16:49:35,R_4lwlYnX1rJMevER,anonymous,EN,0.800000011920929,Agree,25-35,Female,,White/Caucasian,,Southeast,,"$90,000-$119,999",Yes,Yes,Yes,1-2 times per year,Yes,Chat GPT,,3-4 times,Yes,3-4 times,No,Somewhat accurate (Few mistakes),Yes,Bias,
2024-09-12 00:13:27,2024-09-12 00:16:34,IP Address,100,187,True,2024-09-12 00:16:35,R_7PbqFWvJWfXT50R,anonymous,EN,0.800000011920929,Agree,25-35,Male,,White/Caucasian,,West,,"$120,000+",Yes,Yes,No,0 times per year,Yes,"Chat GPT,Google Bard,Gemini,Anthropic Claude",,5 or more times,Yes,3-4 times,I haven't seen my doctor,Very accurate (No mistakes),Yes,Accuracy,"Asked about rehabilitation of severe muscle strain or tearing in the quads and was given a reasonable regiment that included icing, stretching, low impact activity and such"
2024-09-13 10:14:01,2024-09-13 10:15:44,IP Address,100,102,True,2024-09-13 10:15:45,R_6j8Pnl73SoSiHQr,anonymous,EN,0.800000011920929,Agree,25-35,Female,,Hispanic or Latino,,Northeast,,"$30,000-$59,999",Yes,Yes,No,1-2 times per year,Yes,"Chat GPT,Anthropic Claude",,5 or more times,Yes,1-2 times,No,Somewhat accurate (Few mistakes),Yes,"Accuracy,Bias,Privacy",
2024-09-10 17:04:33,2024-09-10 17:05:08,IP Address,55,35,False,2024-09-17 17:05:10,R_6dTgCuTunCmUhXH,anonymous,EN,0.6000000238418579,Agree,36-45,Female,,"Asian,White/Caucasian",,West,,"$120,000+",Yes,Yes,Yes,5 or more times per year,Yes,,,,,,,,,,
2024-09-10 17:11:59,2024-09-10 17:13:10,IP Address,70,70,False,2024-09-17 17:13:14,R_3vYbTWXlicXVFmh,anonymous,EN,0.6000000238418579,Agree,36-45,Female,,Hispanic or Latino,,Northeast,,"$120,000+",Yes,Yes,Yes,5 or more times per year,Yes,Gemini,,5 or more times,Yes,,,,,,
2024-09-10 21:15:12,2024-09-10 21:19:23,IP Address,5,251,False,2024-09-17 21:19:27,R_1dzEp3Y65NrpP54,anonymous,EN,1,Agree,,,,,,,,,,,,,,,,,,,,,,,
2024-09-10 22:58:04,2024-09-10 23:12:07,IP Address,5,843,False,2024-09-17 23:12:08,R_7eRWfn5qUtEdeyq,anonymous,EN,1,Agree,,,,,,,,,,,,,,,,,,,,,,,
2024-09-11 04:46:24,2024-09-11 04:48:12,IP Address,70,108,False,2024-09-18 04:48:18,R_2zCoquSTLTInNv5,anonymous,EN,0.10000000149011612,Agree,46-60,Male,,White/Caucasian,,Other (please specify state or territory),France,"$30,000-$59,999",Yes,Yes,Yes,5 or more times per year,Yes,Chat GPT,,5 or more times,Yes,,,,,,
2024-09-18 12:26:16,2024-09-18 12:29:14,IP Address,100,178,True,2024-09-18 12:29:15,R_7J5bgDMaUxQxz6I,anonymous,EN,1,Agree,25-35,Female,,Asian,,West,,"$120,000+",Yes,Yes,Yes,3-4 times per year,Yes,"Chat GPT,Gemini",,5 or more times,Yes,3-4 times,I haven't seen my doctor,Somewhat accurate (Few mistakes),Yes,"Accuracy,Bias,Privacy",
2024-09-11 16:10:03,2024-09-11 16:10:18,IP Address,5,14,False,2024-09-18 16:10:22,R_8hmPHOv6XPW3UgI,anonymous,EN,0.699999988079071,Agree,,,,,,,,,,,,,,,,,,,,,,,
2024-09-11 16:46:14,2024-09-11 16:46:49,IP Address,5,35,False,2024-09-18 16:46:56,R_4QWZmZ3SxM4I0XD,anonymous,EN,0.800000011920929,Agree,,,,,,,,,,,,,,,,,,,,,,,
2024-09-12 09:42:14,2024-09-12 09:42:27,IP Address,5,12,False,2024-09-19 09:42:29,R_8g7Yw72LGMJwl8Q,anonymous,EN,0.20000000298023224,Agree,,,,,,,,,,,,,,,,,,,,,,,
2024-09-22 09:17:27,2024-09-22 09:20:19,IP Address,100,172,True,2024-09-22 09:20:20,R_5lVXkiFVhiipEUz,anonymous,EN,1,Agree,36-45,Male,,Hispanic or Latino,,Northeast,,"$60,000-$89,999",Yes,Yes,Yes,1-2 times per year,Yes,Chat GPT,,5 or more times,Yes,1-2 times,No,Somewhat accurate (Few mistakes),Yes,Accuracy,not sure which questions to ask. i feel like if i as the right question the better the answer will be.
2024-09-15 07:36:36,2024-09-15 13:12:28,IP Address,5,20151,False,2024-09-22 13:12:33,R_7pPqjXHen6q66iG,anonymous,EN,0.699999988079071,Agree,,,,,,,,,,,,,,,,,,,,,,,
2024-09-16 01:12:47,2024-09-16 01:12:56,IP Address,5,9,False,2024-09-23 01:12:59,R_2bS3WsnW9DXMfIt,anonymous,EN,0.6000000238418579,Agree,,,,,,,,,,,,,,,,,,,,,,,
2024-09-23 22:10:36,2024-09-23 22:12:34,IP Address,100,118,True,2024-09-23 22:12:35,R_4gSMW0ygxNu0q8V,anonymous,EN,0,Agree,36-45,Female,,Asian,,Prefer not to state,,"$30,000-$59,999",Yes,Yes,Yes,5 or more times per year,Yes,Chat GPT,,5 or more times,Yes,5 or more times,No,Somewhat accurate (Few mistakes),Yes,"Accuracy,Bias,Privacy",
2024-09-22 09:11:10,2024-09-22 09:11:56,IP Address,5,46,False,2024-09-29 09:12:00,R_4wOVGvj4huH89TH,anonymous,EN,1,Agree,,,,,,,,,,,,,,,,,,,,,,,
2024-09-27 11:56:56,2024-09-27 11:57:35,IP Address,5,38,False,2024-10-04 11:57:35,R_3x8tXV9uTbIoJ21,anonymous,EN,1,Agree,,,,,,,,,,,,,,,,,,,,,,,
2024-10-08 05:19:09,2024-10-08 05:20:39,IP Address,100,90,True,2024-10-08 05:20:40,R_2Jx4ZGL8pGUNIge,anonymous,EN,0.699999988079071,Agree,25-35,Male,,Asian,,Prefer not to state,,"$60,000-$89,999",Yes,Yes,Yes,0 times per year,Yes,Chat GPT,,5 or more times,No,,,,,,
2024-10-08 05:18:36,2024-10-08 05:19:05,IP Address,5,28,False,2024-10-15 05:19:09,R_8suIQHQO4e4Ytha,anonymous,EN,1,Agree,,,,,,,,,,,,,,,,,,,,,,,
2024-11-04 15:17:51,2024-11-04 15:19:21,IP Address,100,89,True,2024-11-04 15:19:22,R_8OO16bIMKaVUVsk,anonymous,EN,1,Agree,36-45,Transgender,,White/Caucasian,,Northeast,,"$90,000-$119,999",Yes,Yes,Yes,3-4 times per year,No,,,,,,,,,,
2024-11-04 15:49:29,2024-11-04 15:56:26,IP Address,100,417,True,2024-11-04 15:56:26,R_8vRDfc4WgI7vA09,anonymous,EN,1,Agree,36-45,Male,,White/Caucasian,,Midwest,,"$120,000+",Yes,Yes,Yes,5 or more times per year,No,,,,,,,,,,
2024-11-04 16:11:11,2024-11-04 16:12:53,IP Address,100,102,True,2024-11-04 16:12:54,R_3PsOrcdnctUHs5H,anonymous,EN,1,Agree,46-60,Female,,Asian,,Other (please specify state or territory),Canada,"$0-$29,999",Yes,No,Yes,1-2 times per year,Yes,Chat GPT,,5 or more times,Yes,Never,Yes,Somewhat accurate (Few mistakes),Yes,"Accuracy,Bias,Privacy",
2024-11-04 16:04:11,2024-11-04 16:20:12,IP Address,100,961,True,2024-11-04 16:20:13,R_8taCbwkFKUQE6XL,anonymous,EN,1,Agree,36-45,Female,,White/Caucasian,,West,,"$120,000+",Yes,Yes,No,5 or more times per year,Yes,"Chat GPT,Google Bard,Gemini,Anthropic Claude",,5 or more times,Yes,5 or more times,No,Very accurate (No mistakes),Yes,None,sharing symptoms for diagnosis
2024-11-04 19:30:02,2024-11-04 19:35:40,IP Address,100,337,True,2024-11-04 19:35:40,R_6SZ2wrpnH52qJNf,anonymous,EN,1,Agree,25-35,Male,,White/Caucasian,,West,,"$120,000+",Yes,Yes,Yes,1-2 times per year,Yes,"Chat GPT,Google Bard,Gemini",,5 or more times,Yes,3-4 times,No,Somewhat accurate (Few mistakes),Yes,Accuracy,"I had an allergic reaction to an agave plant while gardening. Within 24 hours, red spots and open sores appeared on my arms and legs. I sent a picture to chatGPT and asked about it. It suggested the situation was more serious than I expected and recommended I go to a doctor. Its response influenced my decision to go to Urgent Care and to receive treatment."
2024-11-04 21:14:46,2024-11-04 21:18:03,IP Address,100,197,True,2024-11-04 21:18:04,R_7eQkBoCbmnHDpER,anonymous,EN,1,Agree,46-60,Male,,White/Caucasian,,West,,"$120,000+",Yes,Yes,Yes,1-2 times per year,Yes,Chat GPT,,5 or more times,Yes,3-4 times,No,Somewhat accurate (Few mistakes),Yes,"Accuracy,Bias,Privacy",It seems good for interpreting medical-ese test results obtained prior to seeing a doctor.
2024-11-04 23:39:18,2024-11-05 23:21:51,IP Address,100,85352,True,2024-11-05 23:21:52,R_4CFkcZdRdYWE8MN,anonymous,EN,1,Agree,46-60,Female,,White/Caucasian,,Prefer not to state,,Prefer not to say,Yes,Yes,Yes,0 times per year,Yes,Chat GPT,,3-4 times,No,,,,,,
2024-11-06 22:47:39,2024-11-06 22:51:05,IP Address,100,205,True,2024-11-06 22:51:06,R_5hA9CP8OXhE6DBg,anonymous,EN,1,Agree,Over 60,Male,,White/Caucasian,,West,,"$120,000+",Yes,Yes,Yes,5 or more times per year,Yes,"Chat GPT,Google Bard,Gemini,Anthropic Claude,Other",Copilot,5 or more times,Yes,5 or more times,Yes,Somewhat accurate (Few mistakes),Yes,"Accuracy,Bias",One of many examples is that I was unable to urinate after a severe urinary infection and ChatGPT was incredibly helpful helping me re-learn how to synchronize breathing with urination
2024-11-04 11:24:12,2024-11-04 11:24:38,IP Address,5,26,False,2024-11-11 11:24:40,R_5upP65uCmubosRR,anonymous,EN,1,Agree,,,,,,,,,,,,,,,,,,,,,,,
2024-11-04 19:31:04,2024-11-04 19:32:18,IP Address,70,73,False,2024-11-11 19:32:20,R_5c1INRyhrXnzgr0,anonymous,EN,1,Agree,46-60,Male,,White/Caucasian,,West,,"$120,000+",Yes,Yes,No,5 or more times per year,Yes,"Chat GPT,Anthropic Claude",,5 or more times,Yes,,,,,,
2024-11-04 22:55:05,2024-11-04 22:55:12,IP Address,5,7,False,2024-11-11 22:55:19,R_4NVaE4soZUWVtSo,anonymous,EN,1,Agree,,,,,,,,,,,,,,,,,,,,,,,
2024-11-04 14:07:25,2024-11-05 00:33:14,IP Address,5,37549,False,2024-11-12 00:33:19,R_2dHfSHxympZcmyJ,anonymous,EN,1,Agree,,,,,,,,,,,,,,,,,,,,,,,
2024-11-09 21:53:28,2024-11-09 21:54:23,IP Address,5,54,False,2024-11-16 21:54:30,R_5aDfZFeJ8pO3L37,anonymous,EN,1,Agree,,,,,,,,,,,,,,,,,,,,,,,
2024-11-11 21:45:24,2024-11-11 21:46:28,IP Address,70,64,False,2024-11-18 21:46:31,R_5tLIFaHZ5mhZHPX,anonymous,EN,0.8999999761581421,Agree,25-35,Female,,Asian,,West,,"$120,000+",Yes,Yes,Yes,1-2 times per year,Yes,Anthropic Claude,,5 or more times,Yes,,,,,,
